epoch,phase,loss,rmse_tree_count,mae_tree_count,r2_tree_count,rmse_mean_height,mae_mean_height,r2_mean_height,rmse_tree_count_orig,rmse_mean_height_orig,support_ratio,lr
1,train,1.5057083601804124,0.5830786930508944,0.4190446806348136,-4.869378134207033,2.072223581141018,1.8115112845152999,-23.878858290168935,1.0917285828911816,19.385850500493767,0.32457086228832754,9.998914383200483e-05
1,val,0.8362943209134616,0.37000491593759877,0.2923602095400352,-1.2626111699742286,1.4670388815879436,1.1648979022333552,-12.51194029933253,0.8792517188644297,15.458987113431395,0.30473804473876953,9.998914383200483e-05
2,train,0.4292029941204897,0.32438671311944567,0.2637974986065965,-0.7914502081252446,1.038969135058466,0.7402812211806777,-5.274330763979243,0.8042966484401617,12.302255288163137,0.3261592511049251,9.995658008989344e-05
2,val,0.3087627704326923,0.30686642689538457,0.2503337065982279,-0.5563013400423753,0.9347065314848291,0.5169105936725608,-4.48510599011366,0.9717118799922775,9.322840491239003,0.30473804473876953,9.995658008989344e-05
3,train,0.1776928459246134,0.2736263722240242,0.23342261439891412,-0.28387085548260416,0.589684157396288,0.3991349583121139,-1.00291432354555,0.9229622728993216,8.604547582755943,0.3259174110963173,9.990232305719931e-05
3,val,0.16664006159855768,0.28174931616006466,0.23334531840885098,-0.3119602583235712,0.6789738751666557,0.3310235541406093,-1.8942803605326106,1020.2733409832473,7.314659861529061,0.30473804473876953,9.990232305719931e-05
4,train,0.11139859858247422,0.2540518092895431,0.2225000892150317,-0.11082602479164172,0.4172864042833757,0.3015283685272088,-0.009980238516744677,0.6982354370084701,7.278351764473825,0.32821525495076914,9.982639653285033e-05
4,val,0.11318500225360577,0.2566713142354069,0.22629100748605344,-0.08880374770715904,0.4069699705247557,0.28865603237523674,-0.039822471103570845,1.9498551809206466,6.8589616783007825,0.30473804473876953,9.982639653285033e-05
5,train,0.09774371274967783,0.24830534830907477,0.22016528984642522,-0.05980137368265659,0.37371719010418974,0.2777578073571354,0.19766330027716617,0.6840764892042406,6.952181038751555,0.3245317714730489,9.972883382072937e-05
5,val,0.0918743426983173,0.2517471243217437,0.22438762992770564,-0.04742750743709334,0.3477964300175711,0.2509913878783643,0.2405753166316169,0.7034074417272254,6.38529496822867,0.30473804473876953,9.972883382072937e-05
6,train,0.08914404800257732,0.24388417232991091,0.21822926180578045,-0.03013108522124952,0.34885686960553797,0.2619306277413818,0.30550760754964557,0.6710822494693486,6.679795244460698,0.3192174065973341,9.96096777150665e-05
6,val,0.08509239783653846,0.24784927631751172,0.2222819603473388,-0.015243572684323858,0.3294180005420264,0.24460747701776986,0.3187145361434306,0.6947280987409092,6.305067014938142,0.30473804473876953,9.96096777150665e-05
7,train,0.08704682969555412,0.24263733111948318,0.21756317556780672,-0.021236899162770273,0.342026252830143,0.2570699017178363,0.3403739715699192,0.6677248555143676,6.548477985648732,0.3191209576793553,9.946898048166773e-05
7,val,0.08237868088942307,0.24599575068836765,0.21941282912604915,-0.00011547853377558148,0.32232358134073313,0.24392025053300706,0.3477431799442281,0.6946330786907255,6.278086141671715,0.30473804473876953,9.946898048166773e-05
8,train,0.08421530182828608,0.24281007454637132,0.21777022053727502,-0.009132274808905327,0.3327887515694184,0.2501745714903318,0.36467231452970117,0.6728659238531932,6.4381930055389605,0.31816899407770216,9.930680383498977e-05
8,val,0.08745398888221154,0.24681648261243302,0.21859515814237607,-0.006800114247533573,0.3385434628518733,0.26673257606356165,0.2804460967073674,0.7261983435897534,265.78393758567336,0.30473804473876953,9.930680383498977e-05
9,train,0.0826636245570232,0.24164850630284762,0.21775818443340686,-0.0011538172017873105,0.32860045643367186,0.2465174787229409,0.37552166150920907,0.6689540448009583,6.399059248743954,0.32459229538121176,9.912321891106978e-05
9,val,0.0809772198016827,0.2453876296912288,0.21997176100693894,0.004823139079759398,0.318457223072586,0.23862148846331846,0.3632973218541108,0.6917864288392459,6.168059609834601,0.30473804473876953,9.912321891106978e-05
10,train,0.08088857119845361,0.24073899674583304,0.21738724342160234,0.00038060746626999986,0.3235328500943291,0.24309188113597674,0.3954650135880663,0.6644602855958297,6.334276816959059,0.3277044591215468,9.89183062363231e-05
10,val,0.08123779296875,0.24525537385288293,0.2195564804630538,0.00589558500005416,0.31868992678163377,0.23614341099288647,0.3623664765346254,0.6943769957214655,14.586594910794409,0.30473804473876953,9.89183062363231e-05
11,train,0.07996171774323453,0.2419002378521846,0.21734462457819975,0.00871807814304204,0.319262772577944,0.23944919398647121,0.41452856008326344,0.6744531933205442,6.243395603259911,0.31932429677432345,9.869215569222109e-05
11,val,0.081512451171875,0.24597984291653233,0.21979236245952052,1.3865931604795101e-05,0.32435717235869177,0.23297700764451373,0.33948683137383795,41.988578129159485,1511698716021.308,0.30473804473876953,9.869215569222109e-05
12,train,0.07974840931056701,0.24135982338195464,0.21712933417614438,0.009314273099798376,0.3188878033210038,0.23923326819273819,0.4118496279590049,0.6718406479514181,6.220708553914159,0.3252714294748208,9.84448664758669e-05
12,val,0.08008986253004807,0.24476480565161915,0.2194946981106673,0.009868491068900531,0.31636415662210354,0.23297833447408078,0.3716392996632135,0.7032181857140734,235.0860231844341,0.30473804473876953,9.84448664758669e-05
13,train,0.07917644068137887,0.241201024130626,0.217306783067158,0.009024945211813407,0.3173163461101364,0.2375034897219359,0.4221649488031902,0.6704575104999879,6.200023620831988,0.3207673534904559,9.817654705648375e-05
13,val,0.07859215369591346,0.2441426818127678,0.21948836993872387,0.014895370512730599,0.3116959651933424,0.22729355000389884,0.3900463561502593,0.6878628866676241,6.220271491620953,0.30473804473876953,9.817654705648375e-05
14,train,0.07785191486791238,0.24004214225255516,0.21654095026306974,0.013866193770893931,0.3137018839680285,0.23462715613168442,0.430876804339382,0.666744664840736,6.124182554358062,0.3203829539190863,9.788731512783693e-05
14,val,0.0786273662860577,0.24427248736499663,0.2207324825541342,0.013847573028652693,0.3112708422397171,0.2266181953032518,0.39170905628112307,0.6868066034104474,5.954205019852447,0.30473804473876953,9.788731512783693e-05
15,train,0.07745172559600516,0.23880017514782534,0.21630430277081392,0.01248342476985198,0.31361750414968054,0.23387487910980978,0.4336275059588124,0.6591479461079521,6.116186600515551,0.3206058974118577,9.757729755660966e-05
15,val,0.07838792067307693,0.2441354517832768,0.22030672647916455,0.014953715329865891,0.3113756724162338,0.22489440875775774,0.39129926534567605,0.6937939429887771,315.7351100347487,0.30473804473876953,9.757729755660966e-05
16,train,0.0768810154236469,0.23920153764760022,0.21611434714604758,0.01600448416453093,0.3113536227546969,0.23199427445322754,0.44077967182760636,0.6626843876782507,6.0606098500185075,0.3244873125528552,9.724663032675485e-05
16,val,0.07789024939903846,0.2441892476299678,0.217123527814887,0.01451955276216832,0.30968092332417574,0.23330623302433767,0.397907280913225,0.9602133929852648,90.3441512933493,0.30473804473876953,9.724663032675485e-05
17,train,0.07638895880315721,0.23912829152919882,0.21597082751141408,0.01596269053734256,0.3096308223055714,0.23039559279659785,0.4506981294875797,0.6624680510107788,6.055971350792084,0.32321552394591657,9.689545847984815e-05
17,val,0.07643949068509616,0.24372051091524596,0.21929375365210704,0.018299305711760305,0.30541667934197364,0.22612183994427765,0.4143745108117397,0.7020790288009426,5.9851614018742945,0.30473804473876953,9.689545847984815e-05
18,train,0.07539855327802836,0.24045025570303952,0.2168471033309619,0.019634737965956606,0.3056854909655776,0.22776825374384843,0.4551518760412011,0.6701466125818982,5.985586458537802,0.3290745056781572,9.652393605146801e-05
18,val,0.07761324368990384,0.24533793811808177,0.2206026840834257,0.005226149588295148,0.30863577674133696,0.22609240868934766,0.4019644457285988,15.277447474279171,111.90962105844594,0.30473804473876953,9.652393605146801e-05
19,train,0.07585600233569588,0.23948072174570287,0.21617818014298,0.020112661238653295,0.3075821357876336,0.22890458282905135,0.453157246925592,0.6654247524561667,6.023510955176217,0.3227896936161002,9.613222600363033e-05
19,val,0.07765667255108173,0.24351424993682835,0.21911929736372854,0.01996023168509309,0.3096182091047919,0.2277941174936831,0.3981511186740927,0.6860028851564831,6.005078184905994,0.30473804473876953,9.613222600363033e-05
20,train,0.07478316788820877,0.23800093173007159,0.21523820989339434,0.019159297774271167,0.30536971633346294,0.22616737531486913,0.4657690019256997,0.6575244020825013,5.948012898917799,0.32265153865224305,9.572050015330827e-05
20,val,0.07632094163161057,0.24334285291417249,0.21858294769088968,0.021339344272264693,0.3055925353915997,0.22223895724811138,0.4136999213660433,0.6970742715303336,6.465229125055362,0.30473804473876953,9.572050015330827e-05
21,train,0.07528843830541238,0.23912566855761733,0.21561822189078966,0.023029049024432924,0.30611107362126067,0.2287176050255534,0.46102918134521687,0.6649837174885538,6.010312295970446,0.32317861576670226,9.52889390970676e-05
21,val,0.07535963792067307,0.24334545454878348,0.2180083897725195,0.021318417986455174,0.30161249708060667,0.22497203205225302,0.4288724191917458,0.6986065614840666,7.298220034779938,0.30473804473876953,9.52889390970676e-05
22,train,0.07446100293975516,0.23793428603962258,0.2152260013436867,0.020091470638561093,0.30416471639219383,0.2258643835479024,0.4699160641869278,0.6572639235601223,5.936594300765327,0.3275874816265303,9.483773213185064e-05
22,val,0.07567420372596154,0.24311355766180878,0.21792344952968726,0.023182805177967447,0.30270755338751226,0.22155714427162174,0.42471773589788564,0.6869255647953604,5.820565892450637,0.30473804473876953,9.483773213185064e-05
23,train,0.07362098300579897,0.23723981846519487,0.21499238182697133,0.022299654727576335,0.3017952743409948,0.22290955116778435,0.4768765443828066,0.6542107552796586,5.875880019845243,0.32650705711128786,9.436707717194483e-05
23,val,0.07578805776742789,0.2435700658603549,0.21751407457225583,0.01951091018640816,0.3038346244792573,0.2277216458942453,0.42042586365124135,0.7126114530704049,49.27257378830542,0.30473804473876953,9.436707717194483e-05
24,train,0.07309180190882732,0.23680435892495708,0.214429505096644,0.02402622440834057,0.3006244854617003,0.2230979450146953,0.4763314202866097,0.6530369635573732,5.8775963055938165,0.32534731048898596,9.387718066217094e-05
24,val,0.07511549729567307,0.24388579557333345,0.21815330400360966,0.01696732849586491,0.30182205549971397,0.2204090249583137,0.42807851196214797,22.718284638687454,452.2839883697785,0.30473804473876953,9.387718066217094e-05
25,train,0.07367257973582474,0.23875493109941986,0.21508906587940652,0.030645669239838136,0.30092785029401986,0.2225217084353633,0.48668713224038385,0.6652363384256023,5.8533057847901375,0.32223339670712187,9.336825748732938e-05
25,val,0.07647939828725961,0.24564287815277727,0.21849960566348348,0.0027517267960409653,0.312127779064436,0.2230325198691309,0.388355163980618,307.99728996524414,53606.882492392215,0.30473804473876953,9.336825748732938e-05
26,train,0.07294393323131443,0.2360136754609143,0.21356956902987762,0.02683206908082536,0.3007170529137411,0.22313870527491553,0.4813020804113687,0.649801002451445,5.877687205883868,0.32195502212367105,9.284053087794471e-05
26,val,0.07548757699819711,0.24435633792457295,0.21824692417296637,0.013170430662134414,0.303030248998794,0.2258775432295726,0.42349054477330816,5.614559055848706,762.9040315420865,0.30473804473876953,9.284053087794471e-05
27,train,0.07334538096005154,0.23832449241952547,0.21510969594096296,0.03150323644975961,0.30013573028981494,0.22219434151081482,0.4808087134871527,0.6626178037557057,5.862430355499838,0.3240664570601945,9.22942323123494e-05
27,val,0.0765545184795673,0.24363817432793758,0.21977808010066469,0.018962493485014997,0.30635481522546787,0.22084395873132395,0.41077130180627797,32.82347181852697,427.2185131878758,0.30473804473876953,9.22942323123494e-05
28,train,0.07297036082474227,0.2374442127641667,0.21455584107259676,0.029961967596130012,0.29982300032213083,0.22168541035323097,0.4898755861765193,0.6578727864646803,5.856510529491371,0.32905503892406973,9.172960141514954e-05
28,val,0.0743854229266827,0.24324841585343776,0.21848864968929094,0.022098798688422905,0.29860856964128885,0.21869453772938108,0.44019212503734406,0.6853989144448833,5.742740148732476,0.30473804473876953,9.172960141514954e-05
29,train,0.07273943399645619,0.23766157692531104,0.21476097576879638,0.031413076702631715,0.2986784553317285,0.220319333121665,0.48010228862509974,0.6583984804139005,5.8254998185812505,0.3293927969391813,9.114688585211787e-05
29,val,0.07439481295072116,0.24338820935563335,0.2181604387308853,0.020974487026769406,0.2986892070160481,0.22169047326705943,0.439889738990339,0.6890286354330417,5.833771200647212,0.30473804473876953,9.114688585211787e-05
30,train,0.07201833823292526,0.23621666726248,0.21345487235899102,0.03553184529305198,0.2972629099502983,0.21983589001411366,0.4947423552194167,0.6528312960063828,5.802010376633037,0.3226688227702662,9.054634122155952e-05
30,val,0.0749065692608173,0.2434186349647799,0.2174793126961026,0.020729698591668066,0.30139519912304163,0.22652243346641068,0.42969506515034217,50.98690825019181,2033.4744799592154,0.30473804473876953,9.054634122155952e-05
31,train,0.07203784431378867,0.23643349498295288,0.21336420229472308,0.03770472834244587,0.29729799622495273,0.21941959970536032,0.49525518259704215,0.6547092556730806,5.76259048362915,0.3192297945317534,8.99282309421973e-05
31,val,0.0746013934795673,0.24509259453255583,0.2156490448437766,0.007214748266657134,0.3000154503439027,0.2210555238920093,0.43490467981825276,106.08466925692719,67298.81793975102,0.30473804473876953,8.99282309421973e-05
32,train,0.07156214763208762,0.23598458055348215,0.21353130624876912,0.039777816647228015,0.29587693110962365,0.2178657632468765,0.49635469760947726,0.6520168921612711,5.760826819014017,0.32466420439100757,8.929282613762871e-05
32,val,0.07542184682992789,0.24563888648185886,0.21800568927780598,0.0027841368916857734,0.30140622193462524,0.2266759027558099,0.42965334929810073,5.021971865569107,1527.5529522472127,0.30473804473876953,8.929282613762871e-05
33,train,0.07174210695876289,0.23771881308274792,0.21440853517915093,0.050445660754294686,0.29522919851062746,0.21759460059704683,0.49860707194756293,0.6634436313300437,5.76098024929884,0.32516137349236873,8.864040551740125e-05
33,val,0.07430443396935096,0.2449147953250127,0.21819825553615088,0.008654631879546959,0.29747951334588846,0.22046201174753155,0.4444174537924108,0.690685405378548,6.173390510049746,0.30473804473876953,8.864040551740125e-05
34,train,0.07114937379188144,0.23666164845058435,0.2137811124253982,0.039386928977815705,0.2941052110973356,0.21697625502441226,0.503028943894128,0.6561375931045917,5.759909087503781,0.32539483689770254,8.797125525476161e-05
34,val,0.07518357496995193,0.24642556761413334,0.2203167433280297,-0.0036134422352374074,0.3007858460634261,0.22242594786941672,0.43199878967848315,4108.122398834823,18777.47942779807,0.30473804473876953,8.797125525476161e-05
35,train,0.07206364267880154,0.2362947567221923,0.21310296098024648,0.04848441071381149,0.29717385877101016,0.21945392364858463,0.49617487781587444,0.6561421163740719,5.783473133627426,0.3199457581510249,8.728566886113072e-05
35,val,0.07401686448317307,0.24381711167555833,0.2183500836467552,0.017520940139957086,0.29766984525686574,0.22007050521657526,0.4437062860538852,0.7817431253783704,86.81851568574797,0.30473804473876953,8.728566886113072e-05
36,train,0.07080141047841494,0.2344060145696231,0.21227686962122377,0.03729564662764506,0.29481653731431595,0.21759371395287316,0.5090870491317873,0.6433057455133595,5.766787826264399,0.3273557682627255,8.658394705735953e-05
36,val,0.07440185546875,0.2434956422843629,0.21784796750982993,0.020110001504912822,0.299208000653922,0.21665900388108597,0.43794233688215656,0.6887570868566641,5.7250098135440775,0.30473804473876953,8.658394705735953e-05
37,train,0.07058778743153994,0.23510361600927127,0.2132962466934417,0.04600414625609306,0.2935557390507141,0.2159233282786135,0.49950531666914744,0.6487815046350195,5.7248597058950255,0.3282042041267316,8.586639764182346e-05
37,val,0.07565072866586539,0.24812762407348282,0.21771178939329977,-0.017525196875937343,0.30589758017023067,0.21721376651285876,0.41252883882588454,155585.63094535578,61719271.701997526,0.30473804473876953,8.586639764182346e-05
38,train,0.07023132953447164,0.23477719002821779,0.21265043272364706,0.04259862991534946,0.29258045002885047,0.21550334794658912,0.5062380583960443,0.6465452538376566,6.220841619419199,0.3247237254663841,8.513333535541133e-05
38,val,0.07391357421875,0.24266836768019848,0.21695202819316753,0.026757028405360317,0.3024125062821002,0.22001953691651174,0.4258386372096268,83.7713387720407,15041127.716796538,0.30473804473876953,8.513333535541133e-05
39,train,0.07023825104703608,0.236190074879428,0.21324804001332154,0.04855102310928794,0.2915521839515794,0.2141672095623997,0.5071412890494845,0.6550653387202445,5.661851966349733,0.3213341703119966,8.438508174346975e-05
39,val,0.0739276592548077,0.24487439474540063,0.2174481907718126,0.008981664993739646,0.29959042463101965,0.21839399573016263,0.4365046634989046,301.2630536518898,42871.23123039862,0.30473804473876953,8.438508174346975e-05
40,train,0.07005074097938144,0.23575625406070247,0.21330850937958976,0.04986673395388508,0.29115164019988077,0.21408849225469884,0.5045852978373562,0.6526283354720753,5.686831580670001,0.3246270995779136,8.362196501476317e-05
40,val,0.07331613393930289,0.24325463114209908,0.2186840371772711,0.02204882495374183,0.29619406598453113,0.21569843682650527,0.44920856760786076,0.7906551569763257,10.987013750409393,0.30473804473876953,8.362196501476317e-05
41,train,0.06962978716978092,0.23452975587065786,0.21229715653961478,0.051494206186098346,0.2902104569762737,0.21343376560328528,0.5120014841284075,0.6465843885004273,5.659680136723303,0.32417702429073375,8.28443198975099e-05
41,val,0.07367999737079327,0.24452675275728325,0.21752658690525856,0.011793514976894737,0.2970771685054503,0.21852521146603854,0.44591930244678923,53.58709165433471,166492.63971467008,0.30473804473876953,8.28443198975099e-05
42,train,0.06926829544539304,0.23402397806452657,0.2120355334192341,0.04833626615343822,0.28955099960207265,0.2123774571533289,0.5173327739152074,0.6438533213783795,5.632626625572451,0.32236582962508054,8.205248749255982e-05
42,val,0.0735461895282452,0.24574595526611384,0.21817765617631502,0.0019146169132107094,0.2940052021235407,0.2178737584466647,0.45731914712726607,0.6916682868260376,5.767550150665746,0.30473804473876953,8.205248749255982e-05
43,train,0.06929755456668814,0.23450100791802528,0.21247022797140658,0.0630343614812241,0.28932749232995286,0.21222700356956098,0.5146890837899072,0.6485163944791175,5.639056201321653,0.32453831938124195,8.124681512377611e-05
43,val,0.07529977651742789,0.2500397435597881,0.2203789089410059,-0.03326811517250672,0.30035908888227175,0.22021865233353838,0.43360941491314775,291.2806043162773,60074.05233818287,0.30473804473876953,8.124681512377611e-05
44,train,0.06904523397229381,0.23378689148937523,0.21187896122075886,0.05004786257068261,0.28929837058353997,0.2119741502183036,0.5189042485648737,0.6428660391455411,5.621194610097836,0.32044566046331346,8.042765618568731e-05
44,val,0.07317880483774039,0.2440781581117562,0.21882442209427921,0.015416002110016036,0.2944601157944802,0.21575309057241143,0.4556384698457021,0.6892131052252385,5.7403313168898515,0.30473804473876953,8.042765618568731e-05
45,train,0.0688086440882732,0.2331484682117916,0.21193544909703435,0.05574058631956247,0.28913112138319186,0.2117682225506213,0.5134574722476762,0.6399054542314712,5.635418001123621,0.3233069390365758,7.959536998847719e-05
45,val,0.07256845327524039,0.2439734708678579,0.21731032980166423,0.016260414255594546,0.29280300298677786,0.21693457900757726,0.4617481611843173,0.7071207037591978,6.06006321854035,0.30473804473876953,7.959536998847719e-05
46,train,0.06843739932345361,0.2335284449579999,0.21162517806620137,0.0604514872493066,0.2874856065907694,0.21044784760876847,0.5222824795231975,0.6432806841760443,5.59968862468004,0.3205606716195333,7.87503216003792e-05
46,val,0.07350510817307693,0.24501315628305534,0.21756711108345347,0.007858197669795675,0.29558395185715136,0.21641076396225642,0.4514753215478382,21.824490798761673,311.25631493112166,0.30473804473876953,7.87503216003792e-05
47,train,0.06876208118556701,0.2342254505512555,0.21233852659023372,0.056279271165899925,0.28807847339024967,0.21043702569709566,0.519304930716539,0.6463122191181235,5.599193169852976,0.3252607129283787,7.789288168754533e-05
47,val,0.07336660531850961,0.24344018410730056,0.2195420000046478,0.020556307023985365,0.2957726282872224,0.21551043250589075,0.45077483217145387,0.8336976970506579,7.576545446067593,0.30473804473876953,7.789288168754533e-05
48,train,0.06872999053640463,0.23323363927503152,0.21181835504142932,0.03957442873349992,0.28854318291198994,0.21122001622537662,0.5239515867978698,0.6379916296086314,5.602649110377908,0.3259906768798828,7.70234263514601e-05
48,val,0.0725719745342548,0.24416724482564356,0.21807692908294865,0.01469713925921634,0.29409405657876647,0.2168177240427761,0.4569910787959762,3.577506361898366,1410.5237944666985,0.30473804473876953,7.70234263514601e-05
49,train,0.06835717270054768,0.23465104421798771,0.212162195102445,0.06943601460159154,0.28612557232256186,0.20969705745865355,0.5272281074027729,0.6505167534788986,5.590850287932846,0.3217963582461642,7.614233696396968e-05
49,val,0.07330087515024039,0.24653743289674773,0.217708912274176,-0.004524832923296307,0.29570137530169094,0.21339444902500704,0.4510394220315179,160.8356171491565,19198.538402208218,0.30473804473876953,7.614233696396968e-05
50,train,0.06860917868073453,0.23397752178279183,0.21208169981955627,0.06159674696893169,0.2880110648353679,0.21100880707733397,0.5212642936542623,0.6455768566153195,5.636250788430155,0.3264029787987778,7.524999999999974e-05
50,val,0.07252854567307693,0.2427184748206476,0.21748531711720537,0.026355068665172232,0.29361326946410915,0.2178855605097,0.45876505746482343,0.6857516575562043,5.737154644222064,0.30473804473876953,7.524999999999974e-05
51,train,0.06787864449097938,0.2334711348486679,0.21194313367530165,0.05617709416612482,0.2853945416961952,0.20891724988816773,0.5245430826943334,0.6418694503318637,5.567411535998996,0.32599915180009664,7.434680686803457e-05
51,val,0.07350745567908654,0.24545874482542496,0.21613044680243382,0.004246236395265779,0.2944738600850038,0.222666112702188,0.4555876511627527,0.6976218519976866,5.823386838772397,0.30473804473876953,7.434680686803457e-05
52,train,0.06765243687580541,0.23331696421433284,0.21139618583532993,0.06794261185143569,0.2847967465553105,0.20807017089660954,0.5316312896657016,0.6435911323766906,5.526507441714992,0.3260921006350173,7.343315373843276e-05
52,val,0.0720355694110577,0.2443462856644175,0.2165006370617886,0.013251620809310638,0.2911709090467981,0.21401706677036605,0.46773190604624193,0.8617467322054333,92.7336503324854,0.30473804473876953,7.343315373843276e-05
53,train,0.06815456115093428,0.23423710682029908,0.21190469933245215,0.07648358820970858,0.2858094758854695,0.20861782776137366,0.5343072083834877,0.6497538976399528,5.559599295929823,0.3228346244576051,7.250944136965348e-05
53,val,0.07282550518329327,0.2446324180783498,0.2175997596347159,0.010939279477221286,0.29320442548518494,0.22070258100614165,0.4602713012793591,0.7822664962975706,10.349952322522654,0.30473804473876953,7.250944136965348e-05
54,train,0.06738061020054768,0.23353946318216987,0.2116411024421784,0.06377461823911634,0.2835470516672934,0.20696617338335802,0.5274620841200053,0.6441431676983925,5.516963689157758,0.3166343059736429,7.157607493247061e-05
54,val,0.07199566180889423,0.24297075384686,0.21669590913261375,0.02433002423413566,0.29230071916968203,0.21201989620907685,0.46359324676986036,0.6948400320867651,5.833310103077617,0.30473804473876953,7.157607493247061e-05
55,train,0.06757787330863402,0.23269934396235537,0.21101343282992566,0.0614152711786119,0.2849999273904758,0.20820816898291053,0.5333458398889427,0.6395725499578029,5.5250011266041765,0.3217281656166942,7.063346383225162e-05
55,val,0.07391357421875,0.2448792519380555,0.21681072763645218,0.008942350023938617,0.29767186979980387,0.22255536509757823,0.443698718983468,0.8181820449959053,79.9945073109051,0.30473804473876953,7.063346383225162e-05
56,train,0.06767131372825387,0.23328405540662595,0.21165298148568787,0.06009635550364645,0.28492083167856613,0.2083595207123569,0.5291470689764148,0.6420436360876476,5.559291956475175,0.3275747987412915,6.968202152937864e-05
56,val,0.07250154935396634,0.24538986823030245,0.21866202892572018,0.004804982072803332,0.29185816429350997,0.21512028050328771,0.46521629933317954,9.807608217750346,81.29897270395088,0.30473804473876953,6.968202152937864e-05
57,train,0.0678295646746134,0.23409874382806536,0.2121032675904801,0.07157408952052868,0.2847006387911047,0.207963504789947,0.5328058897290977,0.64832214226046,5.559040341311235,0.3327615089023236,6.872216535789118e-05
57,val,0.07445467435396634,0.25008167549606386,0.22302157139965498,-0.033614704599700174,0.29318430919439387,0.2134350784127487,0.46034535859947867,0.7096190483465392,19.18733418284261,0.30473804473876953,6.872216535789118e-05
58,train,0.06728905746617268,0.23250724869557648,0.21097754782232445,0.06550488181302994,0.2840197119521316,0.2072967679434067,0.5329962527583472,0.6387790179168534,5.523504422964876,0.324462890625,6.775431634242948e-05
58,val,0.07410137469951923,0.24854582552881077,0.2200488948959823,-0.020958019968182473,0.2940450331960153,0.2179344291555565,0.4571720951401882,1.2324867386319758,393.63580241156734,0.30473804473876953,6.775431634242948e-05
59,train,0.06656670324581186,0.23208930794899563,0.21087305672392348,0.058482441530857354,0.2819202339282879,0.20548557494408007,0.5483633673460002,0.6359565626189122,5.472857862804737,0.3220372937389256,6.677889901355946e-05
59,val,0.07171278733473557,0.24284081999959506,0.2152085190330133,0.025373266306919384,0.2912165200252127,0.21408997497722965,0.46756513684459833,0.7300590218566078,5.946215662803602,0.30473804473876953,6.677889901355946e-05
60,train,0.06652014034310567,0.23338834033230732,0.21166967916640578,0.06807894376494161,0.2805026054915859,0.2042453127654849,0.5442502966117975,0.6437744037615768,5.454036195210805,0.3253672884911606,6.57963412215595e-05
60,val,0.0716552734375,0.24397561633626616,0.217331364589863,0.016243112444248142,0.2901563829045317,0.21338750445815347,0.4714346051762113,0.7163569958316091,10.678636995152274,0.30473804473876953,6.57963412215595e-05
61,train,0.06685268756040592,0.23305800094476828,0.21108431176262904,0.07819102922718413,0.28199893321102654,0.20511392596747618,0.5461691867827034,0.6442783160471385,5.46204949275775,0.32076208370248066,6.480707394875084e-05
61,val,0.07218228853665866,0.24321413333740663,0.21694571646527686,0.022374422692432505,0.2928430265349675,0.2178950443541976,0.4616010027157248,0.8830313464581614,93.29234150219739,0.30473804473876953,6.480707394875084e-05
62,train,0.0666406375845683,0.23253295594979406,0.21106887228723664,0.06483137701727648,0.28148533879464677,0.20510287070577476,0.5423117924757646,0.6389360922640415,5.486817329505003,0.32333177389557827,6.381153112045517e-05
62,val,0.0727081298828125,0.24571788132499015,0.21895146662105258,0.0021426458119322422,0.29498581278689284,0.21248711899857883,0.45369304734881066,1229.1694845825414,14827015.521922879,0.30473804473876953,6.381153112045517e-05
63,train,0.0661913684962951,0.23294940154670776,0.21135226363970036,0.06821895562734004,0.2798037011107424,0.20312371123231426,0.5469104268942198,0.6418230609551856,5.424442700202078,0.3217328455030304,6.281014941465987e-05
63,val,0.07218228853665866,0.24544763260023061,0.2153712790376556,0.004336392397676803,0.2933421844652164,0.2143104605151394,0.45976401056049565,527.5807643167576,10910.813859978674,0.30473804473876953,6.281014941465987e-05
64,train,0.06677843860744201,0.23288068992587144,0.2109511435264949,0.07727821800131707,0.28203629756312865,0.2052950358653838,0.5453438387515723,0.6434902369883515,5.457476216370611,0.3206734018227489,6.18033680704771e-05
64,val,0.07232431265024039,0.2449735305604991,0.21457632864031528,0.00817908783960275,0.29239407142107526,0.2166539190396732,0.463250566981563,4.248257488813681,2773.49947643208,0.30473804473876953,6.18033680704771e-05
65,train,0.06675861791237113,0.23252482526633153,0.21125126595622626,0.06951209000815828,0.2822868388633243,0.20505620609364344,0.5456131611441908,0.6396442978855648,5.469257737588162,0.3282526350512947,6.0791628695478945e-05
65,val,0.07195810171274039,0.24340712494737726,0.2169045588313042,0.020822305731043156,0.2937314863297408,0.21533297680127242,0.4583291372539907,380.6380748879093,3958.1953124095844,0.30473804473876953,6.0791628695478945e-05
66,train,0.06568672730750644,0.23244196034783055,0.2111064130891498,0.06619064566279764,0.27839932333661493,0.20178554592778486,0.5476248275464843,0.6390278682586472,5.394866978280849,0.3206650842096388,5.97753750719932e-05
66,val,0.07141582782451923,0.24368257579949232,0.21789608808764377,0.018604885501140256,0.29040736500603814,0.2132238905407822,0.47051980311554664,1.0967301494461419,500.00680642449464,0.30473804473876953,5.97753750719932e-05
67,train,0.06602273528108892,0.23335485237051398,0.2111795108868421,0.08326065725846554,0.27909696278433216,0.2025033619683713,0.5548289264206797,0.646755106082935,5.407664597693472,0.3243935575190279,5.875505296244688e-05
67,val,0.071929931640625,0.24342652041486623,0.21606799345390348,0.020666251418371195,0.2928131601068649,0.21734520411942107,0.46171081741848974,2.5880940094917406,18493.15946095031,0.30473804473876953,5.875505296244688e-05
68,train,0.06581131453366623,0.2321328116222736,0.21098377663001802,0.06737123736608785,0.279361186801174,0.20275864558090545,0.5476967198098561,0.6372067929273123,5.414796426914076,0.3271477296180332,5.773110991383916e-05
68,val,0.07207312950721154,0.24480907856282313,0.2165277563047241,0.009510269887766709,0.29449145313977027,0.21358388340607612,0.4555225984455009,768.0911508871202,10854749.758593919,0.30473804473876953,5.773110991383916e-05
69,train,0.06578142618395619,0.2321665045946516,0.2108290609815486,0.07277015038794332,0.27921099381423903,0.2025664786919266,0.5515339040554122,0.6387715604735625,5.405260299668878,0.3280765690754369,5.6703995061432864e-05
69,val,0.07133836012620193,0.24403916348931498,0.21706086343830178,0.015730576872709956,0.2892251076262947,0.2111291427434133,0.4748220884545459,1.0360618911174526,20.6823859016702,0.30473804473876953,5.6703995061432864e-05
70,train,0.06564047901900773,0.23270247605802452,0.21105796080557374,0.07994722649551067,0.27802931217278015,0.20132597023201876,0.5509859874334169,0.6425080692389289,5.377210809687969,0.32482451999310363,5.567415893174868e-05
70,val,0.07218463604266827,0.24630497185511804,0.21833021028552038,-0.0026313857807191976,0.2932662455215003,0.21073705626535424,0.4600436814868182,22.35386127658273,12706.421478975039,0.30473804473876953,5.567415893174868e-05
71,train,0.06600354381443299,0.23269141650165137,0.21032113182501908,0.08469304504854891,0.2792767244952778,0.20269020566530266,0.5567305417553714,0.644309239845434,5.381313329579105,0.3163891821792445,5.4642053244949475e-05
71,val,0.07148977426382211,0.2437969532543861,0.2152982404577235,0.017683393118033353,0.2920408918738512,0.2145905344032198,0.4645464512086902,455.80457888282376,22463.92547943133,0.30473804473876953,5.4642053244949475e-05
72,train,0.06538627073936856,0.23221873671490006,0.21049267012187053,0.08366725921685014,0.2775175420407906,0.2010774946333695,0.5606494468122063,0.6412272675580655,5.370718140028128,0.32587942143076476,5.360813071670084e-05
72,val,0.0711810772235577,0.24488252894892287,0.21803216616789065,0.008915824882309686,0.28845296336875054,0.2111572640955537,0.47762248025142784,2.066850060711927,524.8066974062914,0.30473804473876953,5.360813071670084e-05
73,train,0.0656420520900451,0.2317565907022881,0.21026933941197892,0.07262593391166561,0.279262873063698,0.2024432449385809,0.5540030652034391,0.6374644950553838,5.38966885983942,0.3232821041775733,5.2572844859595245e-05
73,val,0.07122333233173077,0.2439346408470722,0.21866230464586267,0.016573526895602875,0.28863271431223403,0.21088665849750904,0.47697123293958554,0.688127151458774,5.614540956651152,0.30473804473876953,5.2572844859595245e-05
74,train,0.06454184620650773,0.23202202915024245,0.21085567598969027,0.07480236545397845,0.27477729977646076,0.1986452218659163,0.5632322827911769,0.6382342064833905,5.309863625719515,0.3275088084112738,5.1536649784226055e-05
74,val,0.07126441368689904,0.24384961150745899,0.21581922522165237,0.01725900173728634,0.28937733437173396,0.21395590764258873,0.47426911320439247,0.7228656358904355,180.92512560944144,0.30473804473876953,5.1536649784226055e-05
75,train,0.06523966051868557,0.23169019905397906,0.2105586397528614,0.07270324756447422,0.2775074945379244,0.20073929074433486,0.5565494624971459,0.636576471786654,5.366970816099462,0.31983733422977406,5.049999999999993e-05
75,val,0.07322927621694711,0.24704195098204862,0.21781542686992972,-0.008640390565807232,0.3059304844268779,0.21381650001460445,0.412402447884881,375.5618607786579,760667263.8476782,0.30473804473876953,5.049999999999993e-05
76,train,0.06515817543894974,0.23177075996196245,0.210161164633502,0.07934368253334267,0.2768868747102652,0.20017887865804423,0.5618981801839327,0.6384916678417687,5.338865468633214,0.32082191939206467,4.946335021577378e-05
76,val,0.07150620680588943,0.24314580623231283,0.21595686208398968,0.022923641947811713,0.29405155600040866,0.21166800009032224,0.4571480117576089,1.9309121737016475,11918.359407822625,0.30473804473876953,4.946335021577378e-05
77,train,0.06516855770779639,0.232456293041466,0.2108359430525996,0.08594191890343006,0.27621443433979437,0.19980569607464746,0.5612994281655193,0.642358253839744,5.352865646051311,0.32776641845703125,4.842715514040456e-05
77,val,0.07156958946814904,0.24566430884800994,0.21737398858805976,0.00257771274568519,0.2892109418658412,0.21164979777677717,0.47487353186043335,0.8977315650108423,737.4721474177603,0.30473804473876953,4.842715514040456e-05
78,train,0.06549890262564433,0.23261654272760546,0.21058951709664395,0.08497327621235107,0.27777337417899406,0.20057498790735998,0.5595139765589203,0.6430568361971114,5.336301115135583,0.3192183504399565,4.7391869283298936e-05
78,val,0.07120572603665866,0.24252537449819514,0.21580741518824975,0.027903664106983972,0.28981704061790886,0.21494088323877206,0.47267021270007115,0.6883767697619103,5.671147591485882,0.30473804473876953,4.7391869283298936e-05
79,train,0.06470859173646908,0.23226587719048447,0.21056694019480834,0.08232261650012196,0.2751093701962045,0.1984609114964631,0.5607915825099261,0.6410748558165277,5.305216820931345,0.32410132024706023,4.635794675505033e-05
79,val,0.07157428448016827,0.24415756476192235,0.21587241671713997,0.01477526280457142,0.2924542642607258,0.21352769250295836,0.4630295515694436,0.8258046817054262,359766.28090226423,0.30473804473876953,4.635794675505033e-05
80,train,0.06508046572970361,0.23155970013442467,0.21075626614135992,0.06513906181036122,0.277022052137419,0.20042281647455418,0.5525066601658439,0.6341422444248154,5.367744431950791,0.3286845610313809,4.532584106825113e-05
80,val,0.0725872333233173,0.24696534834412429,0.2168160381717215,-0.008014970184715864,0.29777260388156135,0.2148759886503264,0.4433221433893,1005.4304676706481,344041712.06748015,0.30473804473876953,4.532584106825113e-05
81,train,0.06502540824339562,0.23102117832634983,0.20982639389793026,0.07281744037932958,0.2772400946834989,0.2005545664754831,0.5615127968703495,0.6336988884016985,5.3618951729015984,0.3196425683719596,4.429600493856691e-05
81,val,0.0717632587139423,0.2459890795416329,0.217531637228541,-6.123510377609165e-05,0.29015886063912644,0.2112470264223088,0.4714255779727222,1.073880891452271,366.3523837147568,0.30473804473876953,4.429600493856691e-05
82,train,0.06443770890383377,0.2318020266165045,0.21058924642808263,0.07569913475178769,0.274682319307736,0.19850389791193662,0.5666922767420282,0.6377406843589024,5.333496992858654,0.3218373760734637,4.32688900861606e-05
82,val,0.07182664137620193,0.24393674480065203,0.21631067140195598,0.016556562576272027,0.29467804776885337,0.21383965655833095,0.4548324001777473,8.083505017615462,86838.99215683363,0.30473804473876953,4.32688900861606e-05
83,train,0.06446885571037371,0.23153165256492103,0.21054726073438973,0.06989360105638287,0.27493126443622357,0.19861549140843396,0.5644635988406114,0.6351365162007532,5.327363872045627,0.32291530333843427,4.224494703755295e-05
83,val,0.08155588003305289,0.2618286373424544,0.2189586771632115,-0.13299822477190082,0.35268841480886814,0.21631895432713685,0.2190614579799317,14598819.39785837,7900456653140478.0,0.30473804473876953,4.224494703755295e-05
84,train,0.06448018182184279,0.23129374876825598,0.2101202959959375,0.07545108345638829,0.2750111798992294,0.19838201644063763,0.5702202360716329,0.6350971934070959,5.3070917033562734,0.31948097464964564,4.122462492800664e-05
84,val,0.07113295335036057,0.24358574757797247,0.2165782869619878,0.019384652898214005,0.290078522409562,0.21146167736401913,0.47171823734157603,0.7055692463574789,148.31624357676037,0.30473804473876953,4.122462492800664e-05
85,train,0.06429267175418814,0.2312958957930498,0.21019579101259106,0.07199728134773775,0.27462373172058946,0.19846156170392204,0.5649703198357992,0.6346651088852947,5.323709255572499,0.32487739484334727,4.0208371304520915e-05
85,val,0.07372577373798077,0.24900386357401458,0.217145120922052,-0.02472447641739417,0.31732267374648715,0.2124278084878156,0.3678259289509611,77630348.95196164,12255089027595.896,0.30473804473876953,4.0208371304520915e-05
86,train,0.06432759393121779,0.23077922395909434,0.20962043971679584,0.07442876835781154,0.275023313327269,0.1985466291067107,0.5697389132039143,0.6330067327395856,5.297642210002218,0.31998077864499436,3.919663192952257e-05
86,val,0.0714557354266827,0.24473836786752173,0.21636270576485606,0.010082373692012592,0.29346223454394044,0.21167182745355506,0.45932173769621265,15101.726580836737,745447.9481319312,0.30473804473876953,3.919663192952257e-05
87,train,0.06417217451272551,0.23202801077705218,0.21045162179640522,0.08728401463532742,0.27343555334386893,0.1974605722013783,0.5712703826597683,0.640881216987883,5.293508350842549,0.3274227417621416,3.8189850585339735e-05
87,val,0.0709087665264423,0.24406090813957626,0.2168981971732304,0.015555166110095442,0.2900352134155486,0.2114164893810286,0.47187597148577964,618.3191376069399,1009127.080267166,0.30473804473876953,3.8189850585339735e-05
88,train,0.06468090568621133,0.23226074010293307,0.21045638839116523,0.08551359337564812,0.27475969983473153,0.19819995592836462,0.5723277725972582,0.6417835747259883,5.311124316007513,0.32493211805205985,3.718846887954438e-05
88,val,0.07081251878004807,0.24411323867003087,0.21613100570383428,0.015132959672095159,0.2887233455917813,0.20981344340309666,0.47664271710384,26.449364168291545,1632.2963935837429,0.30473804473876953,3.718846887954438e-05
89,train,0.06353854149887242,0.23167379959104917,0.21036118026627543,0.07747353526173462,0.2712456781753045,0.1950428272912283,0.5723238501326224,0.6372388039137438,5.231655196287491,0.3236711049817272,3.6192926051248714e-05
89,val,0.07090172400841346,0.2438072740279271,0.21528553824603353,0.017600221595962195,0.2898216681374618,0.21229112219786106,0.4726533727766631,199.85062409827773,16392.92991671927,0.30473804473876953,3.6192926051248714e-05
90,train,0.06401392356636598,0.23183143526048142,0.21041374593708445,0.0819009857393651,0.2732170169398629,0.1970601363900336,0.5719436325167346,0.6384189155720504,5.287975115221047,0.32644482248837187,3.520365877844019e-05
90,val,0.07137122521033654,0.24451819442023953,0.21710254180107796,0.01186268741769636,0.2914329588675292,0.210059184927188,0.46677340696786773,419.0842969842638,51652.648910374766,0.30473804473876953,3.520365877844019e-05
91,train,0.0637181862113402,0.23123710955554871,0.21019004527584612,0.07657646164856158,0.27248778994945616,0.19621231963116464,0.567761903654276,0.6348734619233679,5.2570228037861435,0.3246205713331085,3.422110098644023e-05
91,val,0.07071744478665866,0.24282805336204732,0.2162847687662202,0.025475739846451684,0.2883351888684247,0.20988570200984016,0.4780489635911853,0.6898144456252153,9.36163682768647,0.30473804473876953,3.422110098644023e-05
92,train,0.06359926204091494,0.2315170015507871,0.210029312886763,0.07829652093179928,0.2716546135270546,0.195192159432192,0.583782877763779,0.6371624163918898,5.232308015117543,0.3219707528340448,3.3245683657570264e-05
92,val,0.0706939697265625,0.24327209349119516,0.21644316072358838,0.02190841292790402,0.28748927450751927,0.21162999999086665,0.48110705863275105,0.6901450236495896,6.9585354431195015,0.30473804473876953,3.3245683657570264e-05
93,train,0.06340074047599871,0.2320175752062974,0.21050444310578778,0.08478951835357229,0.27061957197445446,0.19411686549674115,0.5755598157320077,0.6402383305878794,5.221567336435343,0.324245669178127,3.227783464210858e-05
93,val,0.0707996074969952,0.24304851814773648,0.2152911768998187,0.02370538580296755,0.28961078086093095,0.20971363458400433,0.4734205357963691,1.7496468198128823,82983.16825685963,0.30473804473876953,3.227783464210858e-05
94,train,0.06299174200628221,0.23121231521176658,0.21020582692226816,0.07060106882940542,0.2697221102258563,0.19416741656053846,0.5747982276373547,0.6337138545825336,5.211146614163623,0.3253505352846126,3.1317978470621006e-05
94,val,0.07193227914663461,0.24557699336029878,0.217479735800501,0.003286606412610915,0.29528760844085317,0.2138002807193159,0.45257463828306244,4.382902171369435,188349.49821156994,0.30473804473876953,3.1317978470621006e-05
95,train,0.0631433860542848,0.2311783662024415,0.21030903626001354,0.07344466713790188,0.2703528432026691,0.1944295740407534,0.5751245341495717,0.6339787899205006,5.235998352195104,0.3230955182891531,3.036653616774784e-05
95,val,0.0716388408954327,0.2451719868403194,0.21690396886728625,0.006571462586686727,0.29563836754426775,0.21308900837997502,0.45127334106436134,55.621869891323996,906631.8747153783,0.30473804473876953,3.036653616774784e-05
96,train,0.06297569668170103,0.23178737996716628,0.21062284076880522,0.08167438972654628,0.2691618523071347,0.19323618344299565,0.5838289426828994,0.6381411131612392,5.202716233697741,0.3253804432977106,2.9423925067528885e-05
96,val,0.07091111403245193,0.24350100415884712,0.215591001835671,0.02006684586582952,0.28845789948875183,0.21258628982906327,0.47760460184133524,0.7041220155806407,8363.284123739853,0.30473804473876953,2.9423925067528885e-05
97,train,0.06348946168250644,0.23129387712030605,0.21022829179633878,0.07570441140711404,0.2714951020284313,0.1950063411546631,0.5781910113631209,0.6351501488185527,5.234768489528163,0.3269124178542304,2.8490558630346066e-05
97,val,0.07068927471454327,0.24412743247049784,0.21780360862822967,0.015018427476028662,0.287325270084263,0.20926034188133086,0.481698916982638,0.7761086070405318,12.052085689791278,0.30473804473876953,2.8490558630346066e-05
98,train,0.06308486781169459,0.23165899169939072,0.210486974784528,0.08068104672243526,0.26971083327381445,0.19321208028275158,0.5822288139815233,0.6373344790013603,5.211368603723397,0.32508523685415996,2.756684626156682e-05
98,val,0.07147686298076923,0.24454913856043078,0.2166587329456944,0.011612571107232128,0.29350973065582703,0.21370449834445368,0.459146708746328,85.90534158477107,4667631.038627779,0.30473804473876953,2.756684626156682e-05
99,train,0.06307668784230026,0.23100052084949874,0.2100480519958534,0.07427557541689034,0.2700330129902854,0.19388636808746856,0.5865177989791388,0.633386818697597,5.234762677730081,0.3236726190626007,2.66531931319651e-05
99,val,0.07113177959735577,0.24464850018457024,0.21691365910153987,0.010809233733275803,0.29012497787348845,0.21131677364240015,0.4715490173710313,105.68031173475754,200152.5559228881,0.30473804473876953,2.66531931319651e-05
100,train,0.06312954302915592,0.23152151527927958,0.2099420267711502,0.07968120364520048,0.26962471258131904,0.1933557387677236,0.5825968357771841,0.6370696238684913,5.184067799439799,0.3148317238719193,2.5750000000000013e-05
100,val,0.07056837815504807,0.24371902098682738,0.21622659913881512,0.018311308470876697,0.28697230304827387,0.21037525562569592,0.4829715570671599,0.7235417083920632,8.655414028690048,0.30473804473876953,2.5750000000000013e-05
101,train,0.06326828789465207,0.23119043281487275,0.21010152974682236,0.08182285494876007,0.2707164409261257,0.19428385647548344,0.5810041975782141,0.6356517873460179,5.2322528643802135,0.3261770268076474,2.4857663036030057e-05
101,val,0.07079608623798077,0.2434221355631143,0.21612011531876654,0.020701532657406263,0.28798379876754804,0.212959893390574,0.4793203773884449,0.7217776267933358,11.39025080411245,0.30473804473876953,2.4857663036030057e-05
102,train,0.06308644088273196,0.23097878384213344,0.20977831130502783,0.07743353884133397,0.27033101929566733,0.19410619247021837,0.5799354981433894,0.6341197670198959,5.219664898341711,0.3230745767809681,2.3976573648539693e-05
102,val,0.07081251878004807,0.24449685176608257,0.21708140072665516,0.012035178079012887,0.2874934081282118,0.2118548947393532,0.4810921368794202,15.038478831259434,2648.534859494472,0.30473804473876953,2.3976573648539693e-05
103,train,0.0628344349025451,0.23156540505111015,0.21008956314463967,0.0901652062065843,0.26895993173751054,0.19273718150660604,0.5866373649994001,0.6391903735953544,5.19703843810705,0.32449936620967906,2.310711831245449e-05
103,val,0.07057424692007211,0.2440088927611821,0.2166564813146571,0.015974740176879276,0.28757664584428716,0.21022422829989185,0.4807916154974926,4.60175437484528,859.800944537977,0.30473804473876953,2.310711831245449e-05
104,train,0.06307542938547037,0.23152918249464896,0.21033358601644406,0.08076683164246734,0.26967550642500354,0.19336202728260882,0.57910051789859,0.6370080661431055,5.20600059035416,0.32597750240994483,2.2249678399620645e-05
104,val,0.07066932091346154,0.24380963957525265,0.21651824157073377,0.01758115797735904,0.28717430138474237,0.21120289249651641,0.4822434335425674,0.6905371922655151,9.202196883967467,0.30473804473876953,2.2249678399620645e-05
105,train,0.06264912713434279,0.23147491752917423,0.21001578532837326,0.08487210938426915,0.2680246025579325,0.19213945349024883,0.5862595771806621,0.6378184446984815,5.170369329623167,0.3208987442488523,2.140463001152261e-05
105,val,0.07059537447415866,0.24373732166343196,0.21676122428478323,0.018163874415810355,0.2869804579764167,0.20984693573085875,0.48294217172465037,0.6906762341858689,5.603985850010958,0.30473804473876953,2.140463001152261e-05
106,train,0.06265227327641752,0.23156533890757333,0.21025626381809082,0.08422765378381558,0.2681388619468978,0.19202809346578048,0.5857425836833323,0.6378372606092163,5.1880763075966785,0.3260640606437762,2.0572343814312468e-05
106,val,0.07036297137920673,0.24343153392905192,0.21608996461837715,0.020625911079168557,0.28629189283113765,0.20979372102334154,0.48542039539284687,0.6912102813166897,6.483003349453174,0.30473804473876953,2.0572343814312468e-05
107,train,0.06321637655041881,0.23125221307366875,0.21015768199264973,0.0778798397050835,0.2709738603025697,0.19502717762910718,0.5717334148641086,0.6352435460834275,5.247537100384642,0.3245793765353173,1.9753184876223666e-05
107,val,0.07014113206129807,0.24298409256111178,0.21557366337422465,0.02422289578321013,0.28581568050422096,0.21061070795548936,0.4871308549066924,0.6896111317994511,5.573791043252539,0.30473804473876953,1.9753184876223666e-05
108,train,0.06271928610260953,0.23168836004326718,0.2104511603114631,0.08392201152714007,0.26829439221555323,0.19218602639998614,0.5823221134696763,0.6381790841909453,5.18253728369937,0.3269151903919338,1.8947512507439906e-05
108,val,0.0711834247295673,0.244268206856086,0.21558796591839494,0.013882134409764713,0.2912978830474123,0.2148626146686089,0.4672675811891125,54.47902769075301,5128293.629441433,0.30473804473876953,1.8947512507439906e-05
109,train,0.0626428348501933,0.23135516677245718,0.2098079689842657,0.08441165216113877,0.2682412701070256,0.1925778252077753,0.589227235145537,0.6371369020030153,5.176627807321787,0.3220181022722697,1.8155680102489826e-05
109,val,0.07039583646334134,0.2434095819325937,0.21625495728899213,0.020802537720867043,0.28653367320819056,0.21021022111708068,0.4845508787227939,0.6895186844257036,5.589071533288105,0.30473804473876953,1.8155680102489826e-05
110,train,0.06252013530927836,0.2311531628025943,0.21009351413846195,0.07866289483365874,0.2678389517257064,0.19143762070003545,0.5892371021035834,0.6348395137889402,5.164314882666086,0.32349415415341093,1.737803498523657e-05
110,val,0.0706493671123798,0.24394992803184706,0.2160553780912358,0.016450261965018753,0.28742894878925,0.2097734236024394,0.4813248010527764,0.8313388429313623,34.204135073586734,0.30473804473876953,1.737803498523657e-05
111,train,0.06227064624275129,0.23167756407639237,0.21081355745114075,0.07859806027253013,0.2666629694084118,0.19066008184998787,0.5812641125715022,0.6367742767020309,5.164296492927104,0.32849876167847936,1.6614918256529974e-05
111,val,0.07047330416165866,0.2434938852440082,0.21633718197386706,0.020124143031574726,0.28688440781703106,0.21006426587341168,0.48328822438742336,0.6905139164773142,9.904130620339314,0.30473804473876953,1.6614918256529974e-05
112,train,0.06244462789948454,0.2311413785308996,0.21011767712156706,0.07658192878494607,0.2676992829908169,0.19130787138474561,0.5847910350193423,0.6345388598433908,5.155622315439144,0.3237937062057023,1.5866664644588397e-05
112,val,0.07037588266225961,0.24331429270015426,0.2160448378143113,0.021569054059979442,0.28627318716864936,0.21086225200751535,0.48548763612297086,0.6892101832818283,5.590329367976695,0.30473804473876953,1.5866664644588397e-05
113,train,0.062146688245006444,0.23149701955157426,0.2097973369302954,0.0872941424593413,0.2663936359230751,0.19020761595635594,0.5946813493497962,0.6384366922714093,5.098685620067932,0.32522484690872666,1.5133602358176161e-05
113,val,0.07068692720853366,0.24319961386484812,0.21580720013667476,0.022491144396474927,0.2891254209023939,0.21116765939375953,0.47518405041311396,0.8545526237586243,16993.120646272273,0.30473804473876953,1.5133602358176161e-05
114,train,0.062253342461340205,0.23160397296573357,0.21026263652632565,0.0819757313936299,0.2664639908230421,0.19047502056220494,0.5930845472070507,0.637720448656792,5.123960358154479,0.3256136904057768,1.441605294264006e-05
114,val,0.07104140061598557,0.2446383633489438,0.21618281327665417,0.010891204858845871,0.28897284233209475,0.21084996527918903,0.47573782073232185,15.042943768805497,16919.803236670195,0.30473804473876953,1.441605294264006e-05
115,train,0.06217594736630155,0.2304753188840867,0.2093161323056676,0.07709311061593127,0.2669935606494943,0.1913000922930487,0.5936675991641415,0.6319361439119858,5.131033936025384,0.3170051574707031,1.3714331138868909e-05
115,val,0.07112825833834134,0.2447311881621487,0.21627822243064593,0.010140453777382152,0.29280842876399504,0.21030691734944323,0.46172821288055754,363.169289302113,2887451.9623078806,0.30473804473876953,1.3714331138868909e-05
116,train,0.06256638359777707,0.2313122762876656,0.20979402696430258,0.08679666471644043,0.2681167600849255,0.19187529821729177,0.589962151943548,0.6375340804002471,5.148386008220336,0.32016488694653067,1.3028744745237996e-05
116,val,0.07111065204326923,0.24532239591345315,0.21625374338849448,0.00535218381792113,0.29351583249065694,0.2098074195054086,0.4591242206894769,2338.1385083553823,601429939.202185,0.30473804473876953,1.3028744745237996e-05
117,train,0.0621142829816366,0.23064973720820528,0.20955408460648858,0.07600534876466569,0.2668197911684141,0.19066289759809538,0.5928460853413701,0.6324231693201022,5.13339869644224,0.3221524818656371,1.2359594482598371e-05
117,val,0.07152381310096154,0.24654303586333795,0.21631974036128923,-0.004570492383347835,0.3011243811983818,0.21118057191680542,0.4307194969231889,3577675.190926436,56207070754.28586,0.30473804473876953,1.2359594482598371e-05
118,train,0.06232255758698454,0.23128162363546562,0.21024802465975798,0.08019591119337033,0.26714631309370473,0.19101727639471866,0.5851223664305286,0.6356090909032118,5.139755341512328,0.3261725238918029,1.1707173862370877e-05
118,val,0.07120103102463943,0.24539471462780024,0.21674065951288604,0.004765671906436841,0.2949909485330274,0.20977202680309961,0.45367402461536055,199347.4270069651,749789722.0821633,0.30473804473876953,1.1707173862370877e-05
119,train,0.062064259322648196,0.23070321987964906,0.20983771936271792,0.07012139943758133,0.2664546293849561,0.19049002408310442,0.5930499216794083,0.6314558379513665,5.142480178422992,0.32226485812786926,1.1071769057802243e-05
119,val,0.07249802809495193,0.25067801490726965,0.21754591067799095,-0.038550052962110115,0.31916020289568364,0.21144670817427713,0.3604832349381548,20237003722.88156,3005929970538634.0,0.30473804473876953,1.1071769057802243e-05
120,train,0.06214951977287371,0.23111478725763437,0.20978553127759272,0.08091861240514042,0.2666421062892066,0.1909359847630105,0.5922986581546148,0.6353767188092444,5.135291279311112,0.32340389920264173,1.045365877844006e-05
120,val,0.0713348388671875,0.24569446490573155,0.2159507076999109,0.002332824342382245,0.2988764751260668,0.2109553218555566,0.4391871781410043,2658298.614540004,225130787826.98224,0.30473804473876953,1.045365877844006e-05
121,train,0.061841197849548966,0.2321012246699767,0.21038504752803724,0.09448656659421961,0.2646587720364083,0.18896627810376362,0.5895860079858766,0.6421481864112127,5.108235722351508,0.32518284591202884,9.853114147881607e-06
121,val,0.0732586200420673,0.254974253372416,0.21705660182175493,-0.07445342813566236,0.33605029484271465,0.21226192913114264,0.2910052314759123,134758528.95050612,9.222735942800329e+18,0.30473804473876953,9.853114147881607e-06
122,train,0.06232727680009665,0.23064387473286335,0.20944569729883383,0.08197364286044007,0.2677846108256894,0.1916411782315742,0.5894138284632039,0.6336577864329328,5.152811936799171,0.3208634288040633,9.27039858485004e-06
122,val,0.07139352651742789,0.24653258431006472,0.21643427909935914,-0.004485321861817715,0.3015444146653135,0.2105174918563561,0.42913022917602295,51772088.34645196,1531999272898.522,0.30473804473876953,9.27039858485004e-06
123,train,0.06194470592380799,0.23113459193326302,0.20957442484185543,0.08479852432571666,0.265848780710697,0.18986711726354408,0.5921615677184959,0.6364392475179858,5.099316031884299,0.3187372659899525,8.705767687650232e-06
123,val,0.0711071307842548,0.24489371958200115,0.21488749777176328,0.008825241754016444,0.29520219159301225,0.212378145568241,0.45289129624316815,593146.5619837387,58553017888.71825,0.30473804473876953,8.705767687650232e-06
124,train,0.06210358609858247,0.23076050016526392,0.20970367900182088,0.08157978918733655,0.26684531993537064,0.19057915277971194,0.5976540627849624,0.6336423852531613,5.125651922052489,0.3216462479424231,8.159469122054861e-06
124,val,0.07211538461538461,0.24929744540154652,0.2164025337805348,-0.02714225282806848,0.31479883990621105,0.2110641313973179,0.3778419631717318,250777558.79217437,3.966738548757233e+18,0.30473804473876953,8.159469122054861e-06
125,train,0.06170434066929768,0.23068138544967903,0.2097824309343405,0.078000676614713,0.2654960226931964,0.18938947250847182,0.5930697542467669,0.6327135865883152,5.109555450369375,0.32447004809822005,7.631742512670201e-06
125,val,0.07227501502403846,0.25059163284671965,0.21697732426678887,-0.03783442070786558,0.31590487640381637,0.2114000082989352,0.37346241490132615,159163382428.74594,4.4905708463440096e+17,0.30473804473876953,7.631742512670201e-06
126,train,0.061911671432023196,0.23109721339160036,0.21020180823254825,0.07645041380834738,0.2657093364359114,0.18958503476039693,0.5889137753105657,0.6340893052477939,5.122420700126029,0.32917848567372743,7.12281933782864e-06
126,val,0.07127732496995193,0.24560160142815707,0.21524752232294678,0.003086844868470884,0.2984030239738076,0.21042792727865509,0.44096254151190417,1689720.0238909072,575663015272.8013,0.30473804473876953,7.12281933782864e-06
127,train,0.061749959729381444,0.2306172921874634,0.2093762015678254,0.07830590009494409,0.26561086312708915,0.1899093571135143,0.5961065788672826,0.6327418366235965,5.110865984646237,0.3189632376444708,6.632922828054721e-06
127,val,0.07187711275540866,0.24907121139145544,0.21607771657300492,-0.025278863718103395,0.3131713855126271,0.21198767308950656,0.38425822900244433,6133969373.946936,8.50081619047936e+16,0.30473804473876953,6.632922828054721e-06
128,train,0.061587304184117266,0.23079602368817773,0.20965655429319116,0.07989650721678343,0.26485272228341594,0.1895130004434468,0.5962707266554259,0.6336912734262654,5.1141193141341725,0.3216416270462508,6.162267868148894e-06
128,val,0.07143812913161057,0.2467259283943595,0.2162788849106376,-0.006061482276856323,0.3006996347518873,0.21179941060787422,0.43232434430354105,6676732.19005089,6822274109819.858,0.30473804473876953,6.162267868148894e-06
129,train,0.06186322084407216,0.23123944963559454,0.20992719444254146,0.0861277587537137,0.2653746739309983,0.189188031410599,0.5962199229057671,0.6366972880306623,5.113008969371143,0.3205120637244785,5.71106090293183e-06
129,val,0.07152029184194711,0.2475713721046624,0.21629028972407338,-0.012968139055627992,0.3054961207388786,0.21068680894926778,0.41406981915232954,1293602450.9220273,1.343912689996187e+16,0.30473804473876953,5.71106090293183e-06
130,train,0.062115541438466496,0.23084442960288493,0.20980591359529321,0.07694776708912421,0.2666331663855718,0.19047842422905956,0.5903502037270419,0.6333940597844653,5.136171115814625,0.32644110610804605,5.2794998466910405e-06
130,val,0.07305203951322116,0.25601723709528257,0.21619288766969819,-0.08326160724195852,0.34047753210981774,0.21251152327372838,0.27220111505370603,149313536938244.12,4.6569534285794986e+21,0.30473804473876953,5.2794998466910405e-06
131,train,0.06188807536646263,0.23083036850919172,0.20937373110646323,0.08497841876659407,0.2658130320654092,0.19011796472959258,0.5950825887889908,0.6349469131995522,5.105533438112025,0.32130263023769734,4.867773996368993e-06
131,val,0.0713665301983173,0.2467977853450879,0.21553327402269587,-0.006647582312142797,0.30443932852790573,0.21091315943563638,0.4181165838053219,44848638.26570443,5175413655191.431,0.30473804473876953,4.867773996368993e-06
132,train,0.061535707454091496,0.23058642519366296,0.20995854201215478,0.07245838199990029,0.26454179946973816,0.1881670171716026,0.5945642270870182,0.6310691841733059,5.094523196883837,0.3269918972683936,4.476063948531335e-06
132,val,0.0710284893329327,0.24554883678883418,0.2162266957582128,0.003515149181824495,0.2958560840892701,0.2114791482086652,0.4504648474798728,196763.52482017918,2520114619.630877,0.30473804473876953,4.476063948531335e-06
133,train,0.06178645497744845,0.2310738954885449,0.20993522391308136,0.08448675598775057,0.2650189702932741,0.18909110176937344,0.5980745505602654,0.6354836012331783,5.104650048903164,0.32078943547514294,4.104541520151183e-06
133,val,0.07091815655048077,0.2447999592480542,0.21541511949180067,0.009584061427215462,0.2948367873378726,0.2112365069407655,0.45424489133926227,140904.68076655234,882086842.9890646,0.30473804473876953,4.104541520151183e-06
134,train,0.062119946037371136,0.23093034630270634,0.21004053663158345,0.078177533370544,0.2667129066929541,0.190542396787544,0.5861884652661951,0.6338663306938506,5.135251175977732,0.32989104752688064,3.753369673244525e-06
134,val,0.072113037109375,0.24893111263019824,0.21690293838448121,-0.02412578062826576,0.31256620634398763,0.2120181772954948,0.3866356751370148,6089069.408701701,1.7870288941174146e+16,0.30473804473876953,3.753369673244525e-06
135,train,0.061866681600354384,0.23105273998181097,0.20973291686829038,0.08863351981396128,0.2656478484684134,0.1897133755794114,0.5949550942973899,0.6365209084873162,5.101075825997279,0.31961210978399845,3.4227024433897554e-06
135,val,0.07219989483173077,0.2500714072191027,0.21608479335609992,-0.0335298265362074,0.3154851923958129,0.2128399401858788,0.37512603683061196,9671399.115423115,1.0782399068803637e+19,0.30473804473876953,3.4227024433897554e-06
136,train,0.06140231103012242,0.23057662460933653,0.20959394896862676,0.07452932695056369,0.2641594613068646,0.18823374976345383,0.6007760929042709,0.6315768586799212,5.079082593982663,0.3249041960411465,3.112684872162543e-06
136,val,0.07099092923677884,0.2448543879724676,0.21631374167866477,0.009143595103776048,0.2937661152675364,0.21022338145013814,0.458201411128774,1295.213281509415,238982011.6578281,0.30473804473876953,3.112684872162543e-06
137,train,0.06176191506926546,0.23117798202400938,0.20986400328345703,0.08519344700218456,0.2651446011533934,0.1889986122872393,0.5982573081333917,0.6363366817006818,5.10442882533571,0.3260080396514578,2.823452943515813e-06
137,val,0.0714252178485577,0.24653867113433878,0.21591200065214328,-0.0045349234277543005,0.3019140706307822,0.21148963389360553,0.427729740548247,9278384.623661784,8721281672992.739,0.30473804473876953,2.823452943515813e-06
138,train,0.06174838665834407,0.23153718524903388,0.21026156404735802,0.0841278929793089,0.2648583607899619,0.1890249481860232,0.5949753671475129,0.6374516282767331,5.111886572802632,0.32803732095305455,2.5551335241326623e-06
138,val,0.07108013446514423,0.24513733344091412,0.21581035260479337,0.006852271527489351,0.29594204842506217,0.2110377142215207,0.45014545376081927,138731.74446442488,3021181773.8424373,0.30473804473876953,2.5551335241326623e-06
139,train,0.0616552608529317,0.23140996431643032,0.21000958591549052,0.08680166544641243,0.2645108700528149,0.1887555480845936,0.5965084490454668,0.6379382373824515,5.085481207619452,0.3240394788919036,2.3078443077784792e-06
139,val,0.07041461651141827,0.2433742296992736,0.21536170535959645,0.02108694972343228,0.2868887429984894,0.2112159098713413,0.48327260794977256,0.7459245910280273,25.782927269712598,0.30473804473876953,2.3078443077784792e-06
140,train,0.061607439493395616,0.23105069341390946,0.20971055318816498,0.08447258008795855,0.2644688182130024,0.18868081268587888,0.5964772989066955,0.6358399836703004,5.086056635443561,0.32648495546321277,2.0816937636765534e-06
140,val,0.07139000525841346,0.2466030270305552,0.21577249303959203,-0.0050594349190422605,0.3027394138285645,0.21091936505944459,0.42459663081792776,19642453.322481558,7146931294283.714,0.30473804473876953,2.0816937636765534e-06
141,train,0.06168263228898196,0.231256759432531,0.21016918475519666,0.0836150442853254,0.2646730138876413,0.18839017709237033,0.5943208716163886,0.6360149789265465,5.089479247676339,0.3235974459304023,1.8767810889298511e-06
141,val,0.07123506986177884,0.24570049656562584,0.2163802024469071,0.0022838394134153672,0.2975062789226659,0.21199858850400588,0.4443174727475855,1638850.6728925866,78827536416.8398,0.30473804473876953,1.8767810889298511e-06
142,train,0.06182043331185567,0.23215022976748195,0.2104134443596639,0.0987231970990019,0.2645815700686214,0.1885626746614679,0.5947498894907383,0.6434258518294419,5.087060852531512,0.3296683596581528,1.6931961650099583e-06
142,val,0.07061180701622596,0.24380443726506676,0.21604983548302376,0.017623082431461934,0.28885064254077764,0.21063769335861596,0.47618112317316397,23.366163008250656,60605.800714241384,0.30473804473876953,1.6931961650099583e-06
143,train,0.06177355579494201,0.23079597574349267,0.20980326809379357,0.08201119021987713,0.26539170779870985,0.18929554903404264,0.5936603782431071,0.6339580982774836,5.111315561967675,0.3245044590271625,1.5310195183320485e-06
143,val,0.07105431189903846,0.24546485631919823,0.21657152385150333,0.0041966507209805215,0.29436437235106655,0.21117328128813273,0.45599240962452403,298278.3658913417,3848149237.81004,0.30473804473876953,1.5310195183320485e-06
144,train,0.06174335283102449,0.2313833794144119,0.2098280107957507,0.09115250899454641,0.2649174801729806,0.1891022115841931,0.5923670861343153,0.6387490576654318,5.094136034114442,0.32391139158268567,1.3903222849333198e-06
144,val,0.07049560546875,0.243221019087802,0.2152704639660007,0.022319065868344534,0.2884341200211055,0.2111772708870551,0.47769072721676165,14.36433289545698,7989.836377594334,0.30473804473876953,1.3903222849333198e-06
145,train,0.06148473995248067,0.23039295791986508,0.2093509221358339,0.07912636782291027,0.26478304056563085,0.1888478016596678,0.5990195327304025,0.6316951671498304,5.091478127697129,0.3243101061004953,1.2711661792704551e-06
145,val,0.07307903583233173,0.25425236461046197,0.21681294391817454,-0.06837800800166183,0.332381114425953,0.2118463865235462,0.3064030921274076,741887849812.2235,9.611298167654646e+19,0.30473804473876953,1.2711661792704551e-06
146,train,0.061495751449742266,0.23092882248713342,0.20977012619518456,0.08167108636349318,0.2643286280553971,0.18859545770552696,0.6005275148346614,0.6344394605285876,5.08669713357665,0.3183293293431862,1.1736034671495234e-06
146,val,0.070709228515625,0.24411512525700133,0.2160180421034837,0.01511773686389517,0.2909246907300169,0.21084188211409513,0.46863171258225733,3112.7826420663496,5527813.172426495,0.30473804473876953,1.1736034671495234e-06
147,train,0.06141017638530928,0.23095274337800956,0.2098759318958282,0.07971805010180832,0.26386726292368284,0.1878901372705206,0.5960598278846581,0.6341517113482035,5.071165941508321,0.3244249599496114,1.0976769428005521e-06
147,val,0.07061532827524039,0.24373150796121837,0.215740045661541,0.018210712009183228,0.28940853057873384,0.21075962973223739,0.47415575468135773,689.1694139550199,194477.89064375745,0.30473804473876953,1.0976769428005521e-06
148,train,0.06176097122664304,0.23100982722262262,0.2096805914503053,0.0863176048928469,0.2651794413307279,0.18923450940226524,0.5965786073316064,0.6358471239881243,5.105342069073015,0.32446011808729663,1.0434199101065075e-06
148,val,0.0714263916015625,0.24649889909100975,0.21620861052064347,-0.004210842960209682,0.30023396515832806,0.21180465943611873,0.43408121111000997,5717024.756881281,4373886975406.273,0.30473804473876953,1.0434199101065075e-06
149,train,0.06173171210534794,0.23057015862117652,0.20965220306015478,0.07145022978447979,0.265275162871785,0.18903465742798686,0.5951069600734162,0.6311453787177221,5.113548127308969,0.32270999790466937,1.010856167995147e-06
149,val,0.07145925668569711,0.2472838770956277,0.21597752718955368,-0.010616864038031304,0.30400709022705696,0.2111557276213585,0.4197677091948454,81459899.61655429,3709783387833.73,0.30473804473876953,1.010856167995147e-06
150,train,0.0613415904880799,0.23124381682345407,0.2100606963966565,0.08612236834353293,0.26348987068586843,0.18744796066969713,0.5956476417536806,0.6367379285342506,5.069377963899005,0.3281174099322447,1.0000000000000002e-06
150,val,0.07180081881009616,0.24846707741794974,0.216368472289837,-0.02031117121405135,0.30891609101629675,0.2115010261840067,0.40087763698596457,266950035.37980193,3193650805147152.0,0.30473804473876953,1.0000000000000002e-06
